{
  "type": "minecraft:entity",
  "pools": [
    {
      "rolls": 1.0,
      "bonus_rolls": 0.0,
      "entries": [
        {
          "type": "minecraft:item",
          "name": "minecraft:leather",
          "functions": [
            {
              "function": "minecraft:set_count",
              "add": false,
              "count": {
                "type": "minecraft:uniform",
                "min": 0.0,
                "max": 2.0
              }
            },
            {
              "function": "minecraft:looting_enchant",
              "count": {
                "type": "minecraft:uniform",
                "min": 0.0,
                "max": 1.0
              }
            }
          ]
        }
      ]
    },
    {
      "rolls": 1.0,
      "bonus_rolls": 0.0,
      "entries": [
        {
          "type": "minecraft:item",
          "name": "twilightforest:raw_venison",
          "functions": [
            {
              "function": "minecraft:set_count",
              "add": false,
              "count": {
                "type": "minecraft:uniform",
                "min": 1.0,
                "max": 3.0
              }
            },
            {
              "function": "minecraft:furnace_smelt",
              "conditions": [
                {
                  "condition": "minecraft:entity_properties",
                  "entity": "this",
                  "predicate": {
                    "flags": {
                      "is_on_fire": true
                    }
                  }
                }
              ]
            },
            {
              "function": "minecraft:looting_enchant",
              "count": {
                "type": "minecraft:uniform",
                "min": 0.0,
                "max": 1.0
              }
            }
          ]
        }
      ]
    },

    {
      "rolls": 1,
      "entries": [
        {
          "type": "minecraft:item",
          "name": "tensura:low_quality_magic_crystal"
        }
      ]
    },

    {
      "rolls": 1,
      "entries": [
        {
          "type": "minecraft:item",
          "name": "tensura:monster_leather_d",
          "functions": [
            {
              "function": "minecraft:set_count",
              "count": 4
            },
            {
              "function": "minecraft:looting_enchant",
              "count": {
                "type": "minecraft:uniform",
                "min": 0.0,
                "max": 2.0
              }
            }
          ]
        }
      ]
    }
  ]
}
